{"FO_MEAN": 317.7099914550781, "F0_STD": 117.21812438964844}